utc (ms),lat (deg),lon (deg),speed (m/s),alt (m),heading (deg),satellites,gps fix,accel x (m/s²),accel y (m/s²),accel z (m/s²),gyro x (deg/s),gyro y (deg/s),gyro z (deg/s),pitch angle (deg),bank (deg),turn rate (deg/s),vertical speed (ft/min),g_lon,g_lat,g_total,braking,speed (km/h),distance (km)
1617530423000,50.3010636,4.6550936,24.09,256.6,31.88,19,3,1.834,-0.304,8.427,3.143,-0.250,1.500,12.27,2.07,1.50,265.7,0.187,0.031,0.190,0,86.7,0.0000
1617530423032,50.3010710,4.6551008,24.14,256.7,31.90,19,3,2.453,-0.451,9.496,2.393,-0.357,1.214,14.47,2.72,1.21,266.5,0.250,0.046,0.254,0,86.9,0.0010
1617530423064,50.3010784,4.6551080,24.18,256.8,31.91,19,3,2.296,0.000,10.114,-0.036,0.714,1.821,12.79,-0.00,1.82,267.3,0.234,-0.000,0.234,0,87.1,0.0019
1617530423096,50.3010858,4.6551153,24.23,256.8,31.93,19,3,2.757,-0.304,9.957,0.893,1.464,1.750,15.47,1.75,1.75,268.1,0.281,0.031,0.283,0,87.2,0.0029
1617530423128,50.3010932,4.6551225,24.27,256.9,31.94,19,3,2.296,0.000,9.192,0.000,2.536,2.000,14.02,-0.00,2.00,268.9,0.234,-0.000,0.234,0,87.4,0.0039
1617530423160,50.3011006,4.6551297,24.32,256.9,31.96,19,3,1.834,0.000,9.653,1.607,2.536,2.000,10.76,-0.00,2.00,269.7,0.187,-0.000,0.187,0,87.6,0.0048
1617530423192,50.3011068,4.6551357,24.35,257.0,31.96,19,3,2.296,-0.451,9.349,0.893,0.679,1.607,13.78,2.76,1.61,269.0,0.234,0.046,0.238,0,87.7,0.0057
1617530423224,50.3011130,4.6551418,24.38,257.0,31.96,19,3,1.678,-0.451,9.192,0.036,-0.357,1.536,10.33,2.81,1.54,268.4,0.171,0.046,0.177,0,87.8,0.0065
1617530423256,50.3011192,4.6551479,24.41,257.1,31.96,19,3,1.678,-0.451,9.810,3.929,-1.143,1.821,9.69,2.63,1.82,267.7,0.171,0.046,0.177,0,87.9,0.0073
1617530423288,50.3011254,4.6551539,24.45,257.1,31.96,19,3,1.678,0.000,10.114,0.679,-0.929,1.750,9.42,-0.00,1.75,267.1,0.171,-0.000,0.171,0,88.0,0.0081
1617530423320,50.3011316,4.6551599,24.48,257.1,31.96,19,3,2.453,0.147,11.183,0.321,-0.036,1.786,12.37,-0.75,1.79,266.4,0.250,-0.015,0.250,0,88.1,0.0089
1617530423352,50.3011378,4.6551660,24.51,257.2,31.95,19,3,1.991,-0.147,9.192,3.500,-1.536,1.643,12.22,0.92,1.64,265.7,0.203,0.015,0.204,0,88.2,0.0097
1617530423384,50.3011441,4.6551721,24.55,257.2,31.96,19,3,2.296,-0.608,11.036,2.179,-1.393,1.857,11.73,3.15,1.86,264.8,0.234,0.062,0.242,0,88.4,0.0105
1617530423416,50.3011503,4.6551783,24.58,257.3,31.97,19,3,2.296,-0.451,10.261,2.036,-1.250,1.786,12.60,2.52,1.79,263.8,0.234,0.046,0.238,0,88.5,0.0114
1617530423448,50.3011566,4.6551844,24.62,257.3,31.98,19,3,1.834,0.765,9.653,2.107,-0.893,1.607,10.73,-4.53,1.61,262.8,0.187,-0.078,0.203,0,88.6,0.0122
1617530423480,50.3011629,4.6551905,24.65,257.3,31.99,19,3,1.678,-0.451,10.114,2.607,-1.321,2.000,9.41,2.55,2.00,261.8,0.171,0.046,0.177,0,88.7,0.0130
1617530423512,50.3011691,4.6551967,24.68,257.4,32.00,19,3,2.296,-0.451,9.496,0.071,-1.821,2.429,13.57,2.72,2.43,260.8,0.234,0.046,0.238,0,88.9,0.0138
1617530423544,50.3011754,4.6552028,24.72,257.4,32.01,19,3,1.678,-0.304,9.810,0.357,-1.500,1.893,9.70,1.78,1.89,259.8,0.171,0.031,0.174,0,89.0,0.0147
1617530423576,50.3011817,4.6552090,24.76,257.5,32.01,19,3,1.373,-0.304,9.810,3.500,-1.107,1.964,7.97,1.78,1.96,260.5,0.140,0.031,0.143,0,89.1,0.0155
1617530423608,50.3011880,4.6552152,24.80,257.5,32.01,19,3,1.373,0.304,9.810,0.107,-0.429,1.714,7.97,-1.78,1.71,261.2,0.140,-0.031,0.143,0,89.3,0.0163
1617530423640,50.3011944,4.6552213,24.84,257.6,32.01,19,3,1.678,-0.304,11.183,1.429,-0.321,1.929,8.53,1.56,1.93,261.8,0.171,0.031,0.174,0,89.4,0.0171
1617530423672,50.3012007,4.6552275,24.87,257.6,32.01,19,3,2.296,-0.147,10.722,3.893,-1.214,2.107,12.08,0.79,2.11,262.5,0.234,0.015,0.234,0,89.5,0.0180
1617530423704,50.3012070,4.6552337,24.91,257.7,32.01,19,3,1.373,0.000,9.192,3.536,-2.321,2.071,8.50,-0.00,2.07,263.1,0.140,-0.000,0.140,0,89.7,0.0188
1617530423736,50.3012133,4.6552399,24.95,257.7,32.01,19,3,1.373,0.000,10.261,2.464,-3.179,2.536,7.62,-0.00,2.54,263.8,0.140,-0.000,0.140,0,89.8,0.0196
1617530423768,50.3012181,4.6552446,24.95,257.7,32.04,19,3,1.069,0.765,9.957,1.857,-2.429,2.000,6.11,-4.39,2.00,264.3,0.109,-0.078,0.134,0,89.8,0.0202
1617530423800,50.3012228,4.6552492,24.96,257.8,32.06,19,3,1.226,0.000,10.575,4.714,-2.357,2.036,6.61,-0.00,2.04,264.8,0.125,-0.000,0.125,0,89.9,0.0209
1617530423832,50.3012276,4.6552539,24.96,257.8,32.08,19,3,1.226,-0.912,9.035,0.429,-1.357,1.929,7.69,5.77,1.93,265.3,0.125,0.093,0.156,0,89.9,0.0215
1617530423864,50.3012323,4.6552586,24.97,257.8,32.11,19,3,1.373,0.147,10.261,0.607,-1.107,1.643,7.62,-0.82,1.64,265.7,0.140,-0.015,0.141,0,89.9,0.0221
1617530423896,50.3012399,4.6552661,25.00,257.9,32.08,19,3,1.678,-0.147,9.653,3.929,-2.357,2.143,9.86,0.87,2.14,267.7,0.171,0.015,0.172,0,90.0,0.0231
1617530423928,50.3012476,4.6552735,25.03,257.9,32.05,19,3,0.765,0.765,9.035,1.536,-2.536,2.143,4.82,-4.84,2.14,269.7,0.078,-0.078,0.110,0,90.1,0.0241
1617530423960,50.3012552,4.6552810,25.07,258.0,32.02,19,3,2.139,-0.147,10.418,1.179,-1.714,2.179,11.60,0.81,2.18,271.7,0.218,0.015,0.219,0,90.2,0.0251
1617530423992,50.3012629,4.6552884,25.10,258.1,31.99,19,3,1.678,-0.147,10.261,2.357,-1.214,2.071,9.28,0.82,2.07,273.6,0.171,0.015,0.172,0,90.4,0.0261
1617530424024,50.3012705,4.6552959,25.13,258.1,31.96,19,3,1.678,-0.304,9.349,2.893,0.143,1.929,10.17,1.86,1.93,275.6,0.171,0.031,0.174,0,90.5,0.0271
1617530424056,50.3012769,4.6553021,25.14,258.2,31.96,19,3,1.373,-0.451,9.810,1.107,2.143,2.179,7.96,2.63,2.18,275.6,0.140,0.046,0.147,0,90.5,0.0280
1617530424088,50.3012833,4.6553084,25.16,258.2,31.96,19,3,1.226,-0.147,9.496,0.393,2.893,2.107,7.36,0.89,2.11,275.6,0.125,0.015,0.126,0,90.6,0.0288
1617530424120,50.3012897,4.6553146,25.17,258.2,31.95,19,3,1.226,-0.608,9.349,2.786,2.321,2.429,7.46,3.72,2.43,275.6,0.125,0.062,0.140,0,90.6,0.0296
1617530424153,50.3012961,4.6553209,25.19,258.3,31.95,19,3,1.226,0.000,10.114,0.107,-0.036,1.786,6.91,-0.00,1.79,275.6,0.125,-0.000,0.125,0,90.7,0.0305
1617530424185,50.3013025,4.6553271,25.20,258.3,31.95,19,3,1.069,0.451,10.114,2.179,-1.821,1.571,6.03,-2.55,1.57,275.6,0.109,-0.046,0.118,0,90.7,0.0313
1617530424217,50.3013089,4.6553334,25.22,258.4,31.94,19,3,0.608,-0.608,9.035,-0.393,-1.679,1.786,3.84,3.85,1.79,275.6,0.062,0.062,0.088,0,90.8,0.0322
1617530424249,50.3013153,4.6553396,25.21,258.4,31.94,19,3,0.765,0.000,9.810,-1.571,-0.107,1.714,4.46,-0.00,1.71,275.3,0.078,-0.000,0.078,0,90.8,0.0330
1617530424281,50.3013217,4.6553459,25.21,258.5,31.94,19,3,0.451,-0.451,9.349,0.536,1.036,2.036,2.76,2.76,2.04,274.9,0.046,0.046,0.065,0,90.8,0.0338
1617530424313,50.3013281,4.6553521,25.20,258.5,31.94,19,3,0.000,0.451,8.731,0.536,1.214,2.214,0.00,-2.96,2.21,274.6,0.000,-0.046,0.046,0,90.7,0.0347
1617530424345,50.3013345,4.6553583,25.20,258.6,31.95,19,3,0.608,-0.451,9.496,1.750,0.500,2.107,3.66,2.72,2.11,274.3,0.062,0.046,0.077,0,90.7,0.0355
1617530424377,50.3013409,4.6553646,25.20,258.6,31.95,19,3,0.912,0.000,9.810,1.536,0.071,2.179,5.31,-0.00,2.18,273.9,0.093,-0.000,0.093,0,90.7,0.0363
1617530424409,50.3013473,4.6553708,25.19,258.7,31.95,19,3,0.451,0.765,10.418,1.714,-0.286,2.036,2.47,-4.20,2.04,273.6,0.046,-0.078,0.091,0,90.7,0.0372
1617530424441,50.3013537,4.6553770,25.18,258.7,31.95,19,3,0.451,-0.608,9.653,-0.143,-0.321,2.179,2.67,3.61,2.18,273.6,0.046,0.062,0.077,0,90.6,0.0380
1617530424473,50.3013600,4.6553833,25.17,258.8,31.95,19,3,0.000,0.451,9.653,-2.607,0.357,2.571,0.00,-2.68,2.57,273.6,0.000,-0.046,0.046,0,90.6,0.0389
1617530424505,50.3013664,4.6553895,25.16,258.8,31.95,19,3,0.451,-0.147,10.114,1.536,0.179,2.429,2.55,0.83,2.43,273.6,0.046,0.015,0.048,0,90.6,0.0397
1617530424537,50.3013728,4.6553957,25.14,258.8,31.95,19,3,0.304,0.147,10.114,0.321,-1.464,1.679,1.72,-0.83,1.68,273.6,0.031,-0.015,0.034,0,90.5,0.0405
1617530424569,50.3013791,4.6554020,25.13,258.9,31.96,19,3,0.147,-0.147,10.879,-1.500,-2.250,2.393,0.77,0.77,2.39,273.6,0.015,0.015,0.021,0,90.5,0.0414
1617530424601,50.3013855,4.6554082,25.12,258.9,31.96,19,3,0.451,0.000,10.418,0.143,-2.929,2.786,2.48,-0.00,2.79,273.6,0.046,-0.000,0.046,0,90.4,0.0422
1617530424633,50.3013919,4.6554144,25.10,259.0,31.96,19,3,0.765,0.608,9.653,1.036,-2.964,2.857,4.52,-3.61,2.86,274.6,0.078,-0.062,0.100,0,90.4,0.0430
1617530424665,50.3013982,4.6554206,25.08,259.0,31.96,19,3,-0.304,0.147,9.496,0.179,-2.714,2.750,-1.83,-0.89,2.75,275.6,-0.031,-0.015,0.034,0,90.3,0.0439
1617530424697,50.3014046,4.6554268,25.06,259.1,31.95,19,3,0.608,-0.304,9.192,-2.679,-0.821,2.750,3.78,1.89,2.75,276.6,0.062,0.031,0.069,0,90.2,0.0447
1617530424729,50.3014110,4.6554330,25.04,259.1,31.95,19,3,0.765,0.304,9.653,-1.536,1.357,2.929,4.53,-1.80,2.93,277.6,0.078,-0.031,0.084,0,90.1,0.0455
1617530424761,50.3014173,4.6554392,25.02,259.2,31.95,19,3,0.912,-0.147,9.810,0.750,-5.643,3.071,5.31,0.86,3.07,278.5,0.093,0.015,0.094,0,90.1,0.0464
1617530424793,50.3014237,4.6554454,25.00,259.2,31.95,19,3,0.451,-0.147,9.035,-1.036,-5.464,3.143,2.86,0.93,3.14,279.5,0.046,0.015,0.048,0,90.0,0.0472
1617530424825,50.3014300,4.6554515,24.98,259.3,31.95,19,3,0.608,-0.765,9.957,-2.607,3.179,3.179,3.49,4.39,3.18,277.6,0.062,0.078,0.100,0,89.9,0.0480
1617530424857,50.3014363,4.6554577,24.96,259.3,31.95,19,3,0.304,-0.608,9.035,-1.607,1.929,3.179,1.92,3.85,3.18,275.6,0.031,0.062,0.069,0,89.8,0.0489
1617530424889,50.3014426,4.6554639,24.94,259.3,31.95,19,3,0.304,0.765,9.035,1.143,1.571,2.821,1.92,-4.84,2.82,273.6,0.031,-0.078,0.084,0,89.8,0.0497
1617530424921,50.3014490,4.6554700,24.91,259.4,31.94,19,3,0.147,0.000,9.192,-0.964,1.071,2.750,0.92,-0.00,2.75,271.7,0.015,-0.000,0.015,0,89.7,0.0505
1617530424953,50.3014553,4.6554762,24.89,259.4,31.94,19,3,0.451,-0.147,10.261,-2.321,0.821,2.643,2.52,0.82,2.64,269.7,0.046,0.015,0.048,0,89.6,0.0513
1617530424985,50.3014616,4.6554823,24.87,259.5,31.94,19,3,-0.147,-0.765,10.261,2.179,-0.500,2.357,-0.82,4.26,2.36,267.7,-0.015,0.078,0.079,0,89.5,0.0522
1617530425017,50.3014679,4.6554884,24.84,259.5,31.93,19,3,0.451,0.000,10.575,2.321,-1.500,2.143,2.44,-0.00,2.14,267.1,0.046,-0.000,0.046,0,89.4,0.0530
1617530425049,50.3014742,4.6554945,24.80,259.6,31.92,19,3,0.000,0.304,10.722,1.036,-1.536,1.643,0.00,-1.62,1.64,266.4,0.000,-0.031,0.031,0,89.3,0.0538
1617530425081,50.3014804,4.6555007,24.77,259.6,31.90,19,3,0.147,-0.451,10.879,-0.429,-1.679,1.500,0.77,2.38,1.50,265.7,0.015,0.046,0.048,0,89.2,0.0546
1617530425113,50.3014867,4.6555068,24.74,259.6,31.89,19,3,0.000,-0.765,10.575,-0.571,-2.464,1.464,0.00,4.14,1.46,265.1,0.000,0.078,0.078,0,89.1,0.0555
1617530425145,50.3014930,4.6555129,24.70,259.7,31.88,19,3,-0.765,-0.147,10.418,0.679,-2.357,1.250,-4.20,0.81,1.25,264.4,-0.078,0.015,0.079,1,88.9,0.0563
1617530425177,50.3014993,4.6555190,24.67,259.7,31.86,19,3,0.000,-0.608,11.036,-0.179,-2.929,0.893,0.00,3.15,0.89,263.8,0.000,0.062,0.062,0,88.8,0.0571
1617530425209,50.3015055,4.6555251,24.63,259.8,31.90,19,3,-0.147,0.147,10.114,0.571,-2.929,0.107,-0.83,-0.83,0.11,264.4,-0.015,-0.015,0.021,0,88.7,0.0579
1617530425241,50.3015117,4.6555311,24.59,259.8,31.93,19,3,0.451,-1.069,10.722,2.071,-2.821,-0.214,2.40,5.70,-0.21,265.1,0.046,0.109,0.118,0,88.5,0.0587
1617530425274,50.3015179,4.6555372,24.55,259.9,31.96,19,3,-0.451,-0.147,10.418,2.107,-2.286,-0.857,-2.48,0.81,-0.86,265.7,-0.046,0.015,0.048,0,88.4,0.0595
1617530425306,50.3015241,4.6555433,24.50,259.9,32.00,19,3,-0.147,-0.912,9.192,-0.143,-0.286,-0.750,-0.91,5.67,-0.75,266.4,-0.015,0.093,0.094,0,88.2,0.0603
1617530425338,50.3015303,4.6555493,24.46,259.9,32.03,19,3,-0.765,-0.765,9.496,-0.321,1.000,-0.500,-4.59,4.61,-0.50,267.1,-0.078,0.078,0.110,1,88.1,0.0612
1617530425370,50.3015365,4.6555554,24.42,260.0,32.06,19,3,-0.912,-0.147,9.192,3.643,1.500,-0.786,-5.67,0.92,-0.79,267.7,-0.093,0.015,0.094,1,87.9,0.0620
1617530425402,50.3015426,4.6555614,24.37,260.0,32.08,19,3,-1.678,-0.451,8.270,2.107,1.036,-0.929,-11.45,3.12,-0.93,267.1,-0.171,0.046,0.177,1,87.7,0.0628
1617530425434,50.3015488,4.6555674,24.32,260.1,32.11,19,3,-1.834,-0.304,9.035,0.571,1.321,-1.429,-11.47,1.93,-1.43,266.4,-0.187,0.031,0.190,1,87.6,0.0636
1617530425466,50.3015549,4.6555735,24.27,260.1,32.13,19,3,-1.678,-1.069,9.810,2.536,1.464,-1.250,-9.65,6.22,-1.25,265.7,-0.171,0.109,0.203,1,87.4,0.0644
1617530425498,50.3015610,4.6555795,24.22,260.2,32.15,19,3,-2.296,-1.373,9.653,1.571,1.571,-1.536,-13.25,8.10,-1.54,265.1,-0.234,0.140,0.273,1,87.2,0.0652
1617530425530,50.3015672,4.6555855,24.17,260.2,32.17,19,3,-2.904,-0.147,9.035,1.893,0.857,-1.393,-17.81,0.93,-1.39,264.4,-0.296,0.015,0.296,1,87.0,0.0660
1617530425562,50.3015733,4.6555915,24.12,260.2,32.19,19,3,-3.218,-0.608,9.957,2.571,-0.357,-2.321,-17.88,3.50,-2.32,263.8,-0.328,0.062,0.334,1,86.8,0.0668
1617530425594,50.3015784,4.6555966,24.02,260.3,32.23,19,3,-3.061,-1.069,10.261,-0.893,-0.286,-2.286,-16.52,5.95,-2.29,262.7,-0.312,0.109,0.330,1,86.5,0.0675
1617530425626,50.3015835,4.6556016,23.93,260.3,32.27,19,3,-3.522,-0.765,9.957,1.036,0.679,-1.429,-19.43,4.39,-1.43,261.5,-0.359,0.078,0.367,1,86.1,0.0682
1617530425658,50.3015886,4.6556067,23.83,260.3,32.31,19,3,-3.679,-0.608,9.957,3.250,0.536,-1.321,-20.24,3.50,-1.32,260.4,-0.375,0.062,0.380,1,85.8,0.0688
1617530425690,50.3015938,4.6556118,23.73,260.4,32.34,19,3,-4.591,-0.304,8.731,1.964,2.214,-1.107,-27.72,1.99,-1.11,259.3,-0.468,0.031,0.469,1,85.4,0.0695
1617530425722,50.3015989,4.6556169,23.63,260.4,32.38,19,3,-4.591,-0.912,9.810,2.679,2.250,-0.786,-24.99,5.31,-0.79,258.2,-0.468,0.093,0.477,1,85.1,0.0702
1617530425754,50.3016040,4.6556219,23.54,260.4,32.42,19,3,-4.748,-1.069,9.653,2.893,1.393,-1.107,-26.05,6.32,-1.11,257.0,-0.484,0.109,0.496,1,84.7,0.0708
1617530425786,50.3016091,4.6556270,23.44,260.5,32.46,19,3,-5.052,0.000,9.192,3.750,0.000,-1.107,-28.79,-0.00,-1.11,255.9,-0.515,-0.000,0.515,1,84.4,0.0715
1617530425818,50.3016159,4.6556339,23.22,260.5,32.53,19,3,-4.130,-0.451,9.653,2.821,-1.143,-1.607,-23.14,2.68,-1.61,254.7,-0.421,0.046,0.424,1,83.6,0.0724
1617530425850,50.3016227,4.6556407,23.00,260.6,32.60,19,3,-4.287,-0.912,9.810,-0.250,-0.393,-1.500,-23.51,5.31,-1.50,253.5,-0.437,0.093,0.447,1,82.8,0.0733
1617530425882,50.3016296,4.6556476,22.79,260.6,32.67,19,3,-4.591,-0.912,9.035,1.464,1.214,-1.250,-26.82,5.77,-1.25,252.4,-0.468,0.093,0.477,1,82.0,0.0742
1617530425914,50.3016364,4.6556544,22.57,260.7,32.74,19,3,-4.905,-0.608,9.192,3.036,0.893,-0.857,-28.03,3.79,-0.86,251.2,-0.500,0.062,0.504,1,81.2,0.0751
1617530425946,50.3016432,4.6556613,22.35,260.7,32.81,19,3,-4.287,-0.304,9.349,2.536,0.107,-1.071,-24.62,1.86,-1.07,250.0,-0.437,0.031,0.438,1,80.5,0.0760
1617530425978,50.3016486,4.6556668,22.18,260.8,32.86,19,3,-3.679,-1.069,10.575,1.750,-1.571,-1.286,-19.09,5.77,-1.29,248.7,-0.375,0.109,0.391,1,79.8,0.0767
1617530426010,50.3016540,4.6556723,22.00,260.8,32.90,19,3,-4.287,-0.765,10.114,0.786,-1.500,-1.107,-22.91,4.33,-1.11,247.4,-0.437,0.078,0.444,1,79.2,0.0775
1617530426042,50.3016595,4.6556778,21.83,260.8,32.95,19,3,-3.826,-0.912,9.653,0.250,0.036,-0.964,-21.53,5.40,-0.96,246.1,-0.390,0.093,0.401,1,78.6,0.0782
1617530426074,50.3016649,4.6556832,21.65,260.9,33.00,19,3,-3.679,-0.608,9.496,2.571,1.429,-0.179,-21.14,3.66,-0.18,244.8,-0.375,0.062,0.380,1,77.9,0.0789
1617530426106,50.3016703,4.6556887,21.48,260.9,33.05,19,3,-4.444,-0.304,9.035,2.893,0.929,-0.143,-26.18,1.93,-0.14,243.4,-0.453,0.031,0.454,1,77.3,0.0796
1617530426138,50.3016757,4.6556942,21.30,260.9,33.09,19,3,-3.218,-0.304,9.192,1.643,0.786,0.107,-19.28,1.89,0.11,242.1,-0.328,0.031,0.329,1,76.7,0.0803
1617530426170,50.3016808,4.6556995,21.13,261.0,33.14,19,3,-4.130,-0.451,9.957,2.464,0.464,0.286,-22.51,2.59,0.29,239.5,-0.421,0.046,0.424,1,76.1,0.0810
1617530426202,50.3016859,4.6557047,20.96,261.0,33.18,19,3,-4.130,-0.451,9.349,1.536,-0.071,0.179,-23.81,2.76,0.18,236.9,-0.421,0.046,0.424,1,75.5,0.0817
1617530426234,50.3016911,4.6557100,20.79,261.0,33.23,19,3,-3.522,-0.304,9.349,0.286,0.179,0.607,-20.63,1.86,0.61,234.3,-0.359,0.031,0.360,1,74.8,0.0824
1617530426266,50.3016962,4.6557153,20.62,261.1,33.27,19,3,-3.983,-0.451,9.810,2.893,-0.714,-0.179,-22.08,2.63,-0.18,231.6,-0.406,0.046,0.409,1,74.2,0.0831
1617530426298,50.3017013,4.6557205,20.45,261.1,33.32,19,3,-4.130,0.304,9.349,2.429,-1.393,0.036,-23.82,-1.86,0.04,229.0,-0.421,-0.031,0.422,1,73.6,0.0837
1617530426330,50.3017064,4.6557258,20.28,261.1,33.36,19,3,-4.130,-0.147,9.810,0.893,-0.857,0.643,-22.83,0.86,0.64,226.4,-0.421,0.015,0.421,1,73.0,0.0844
1617530426362,50.3017114,4.6557309,20.13,261.2,33.41,19,3,-4.287,0.451,10.114,1.429,0.500,0.821,-22.95,-2.55,0.82,223.1,-0.437,-0.046,0.439,1,72.5,0.0851
1617530426395,50.3017163,4.6557360,19.98,261.2,33.45,19,3,-4.444,-0.451,10.114,3.036,1.143,1.500,-23.70,2.55,1.50,219.8,-0.453,0.046,0.455,1,71.9,0.0857
1617530426427,50.3017213,4.6557411,19.83,261.2,33.49,19,3,-4.287,-0.147,9.957,2.179,1.143,1.786,-23.29,0.85,1.79,216.5,-0.437,0.015,0.437,1,71.4,0.0864
1617530426459,50.3017260,4.6557460,19.65,261.2,33.52,19,3,-4.287,-0.304,8.888,4.214,-0.036,2.107,-25.74,1.96,2.11,214.2,-0.437,0.031,0.438,1,70.7,0.0870
1617530426491,50.3017308,4.6557509,19.47,261.3,33.55,19,3,-4.591,-0.147,9.496,1.643,-1.357,2.643,-25.80,0.89,2.64,211.9,-0.468,0.015,0.468,1,70.1,0.0877
1617530426523,50.3017355,4.6557559,19.29,261.3,33.58,19,3,-4.444,-0.451,9.810,-0.929,-1.679,2.214,-24.35,2.63,2.21,209.6,-0.453,0.046,0.455,1,69.4,0.0883
1617530426555,50.3017402,4.6557608,19.11,261.3,33.61,19,3,-4.287,-0.147,9.496,0.500,-1.857,2.429,-24.29,0.89,2.43,207.3,-0.437,0.015,0.437,1,68.8,0.0889
1617530426587,50.3017450,4.6557657,18.93,261.4,33.64,19,3,-4.444,0.765,10.418,3.143,-1.929,2.964,-23.05,-4.20,2.96,205.1,-0.453,-0.078,0.460,1,68.1,0.0896
1617530426619,50.3017497,4.6557706,18.75,261.4,33.67,19,3,-4.287,0.451,10.418,1.429,-1.000,2.964,-22.35,-2.48,2.96,202.8,-0.437,-0.046,0.439,1,67.5,0.0902
1617530426651,50.3017542,4.6557753,18.59,261.4,33.63,19,3,-4.591,0.304,9.496,-2.714,-0.321,3.250,-25.79,-1.83,3.25,201.4,-0.468,-0.031,0.469,1,66.9,0.0908
1617530426683,50.3017587,4.6557799,18.42,261.5,33.59,19,3,-4.591,1.069,9.653,-1.857,0.786,3.464,-25.30,-6.32,3.46,200.1,-0.468,-0.109,0.481,1,66.3,0.0914
1617530426715,50.3017631,4.6557845,18.26,261.5,33.55,19,3,-3.826,0.000,10.418,0.179,2.250,3.964,-20.16,-0.00,3.96,198.8,-0.390,-0.000,0.390,1,65.7,0.0920
1617530426747,50.3017676,4.6557892,18.10,261.5,33.51,19,3,-4.591,0.304,10.114,-0.750,-5.071,3.857,-24.40,-1.72,3.86,197.5,-0.468,-0.031,0.469,1,65.1,0.0926
1617530426779,50.3017721,4.6557939,17.93,261.5,33.47,19,3,-4.287,0.000,9.496,0.714,-4.357,4.179,-24.30,-0.00,4.18,196.2,-0.437,-0.000,0.437,1,64.6,0.0932
1617530426811,50.3017766,4.6557985,17.77,261.6,33.43,19,3,-4.444,0.304,9.810,2.179,-4.893,4.393,-24.36,-1.78,4.39,194.9,-0.453,-0.031,0.454,1,64.0,0.0938
1617530426843,50.3017808,4.6558029,17.59,261.6,33.41,19,3,-4.591,0.451,9.192,1.107,2.536,4.536,-26.51,-2.81,4.54,191.9,-0.468,-0.046,0.470,1,63.3,0.0943
1617530426875,50.3017851,4.6558072,17.40,261.6,33.39,19,3,-4.444,0.304,9.653,0.071,-1.214,4.321,-24.71,-1.80,4.32,189.0,-0.453,-0.031,0.454,1,62.7,0.0949
1617530426907,50.3017893,4.6558116,17.22,261.6,33.37,19,3,-4.444,0.304,9.653,1.607,-3.071,5.000,-24.71,-1.80,5.00,186.0,-0.453,-0.031,0.454,1,62.0,0.0955
1617530426939,50.3017935,4.6558159,17.04,261.7,33.35,19,3,-4.130,0.608,9.653,1.679,-4.143,5.071,-23.12,-3.61,5.07,183.1,-0.421,-0.062,0.426,1,61.3,0.0960
1617530426971,50.3017978,4.6558202,16.85,261.7,33.32,19,3,-3.983,0.765,10.418,1.000,-2.786,5.036,-20.87,-4.20,5.04,180.1,-0.406,-0.078,0.413,1,60.7,0.0966
1617530427003,50.3018020,4.6558246,16.67,261.7,33.30,19,3,-4.748,0.147,9.810,2.393,-2.321,5.250,-25.82,-0.86,5.25,177.2,-0.484,-0.015,0.484,1,60.0,0.0971
1617530427035,50.3018060,4.6558287,16.51,261.7,33.27,19,3,-4.287,1.069,9.349,5.036,-1.786,4.929,-24.49,-6.52,4.93,174.5,-0.437,-0.109,0.450,1,59.4,0.0977
1617530427067,50.3018100,4.6558327,16.35,261.8,33.23,19,3,-3.061,-0.147,9.957,2.036,-0.964,4.679,-17.09,0.85,4.68,171.9,-0.312,0.015,0.312,1,58.9,0.0982
1617530427099,50.3018140,4.6558368,16.19,261.8,33.20,19,3,-2.757,0.147,10.114,-0.036,-1.000,4.500,-15.24,-0.83,4.50,169.3,-0.281,-0.015,0.281,1,58.3,0.0987
1617530427131,50.3018180,4.6558409,16.03,261.8,33.16,19,3,-2.904,0.147,9.810,0.714,-1.036,4.679,-16.49,-0.86,4.68,166.7,-0.296,-0.015,0.296,1,57.7,0.0993
1617530427163,50.3018220,4.6558449,15.87,261.8,33.13,19,3,-2.600,0.765,8.888,2.750,-0.857,4.607,-16.25,-4.92,4.61,164.0,-0.265,-0.078,0.276,1,57.1,0.0998
1617530427195,50.3018260,4.6558490,15.71,261.8,33.09,19,3,-1.991,0.451,8.888,2.393,-0.821,4.643,-12.61,-2.91,4.64,161.4,-0.203,-0.046,0.208,1,56.6,0.1003
1617530427227,50.3018298,4.6558528,15.59,261.9,33.04,19,3,-2.139,0.451,11.036,-0.964,-1.321,4.643,-10.96,-2.34,4.64,159.1,-0.218,-0.046,0.223,1,56.1,0.1008
1617530427259,50.3018336,4.6558567,15.46,261.9,32.98,19,3,-2.139,0.147,9.810,-0.536,-2.214,5.321,-12.30,-0.86,5.32,156.8,-0.218,-0.015,0.219,1,55.7,0.1013
1617530427291,50.3018375,4.6558605,15.34,261.9,32.92,19,3,-1.834,0.608,9.653,3.286,-3.321,5.107,-10.74,-3.61,5.11,154.5,-0.187,-0.062,0.197,1,55.2,0.1018
1617530427323,50.3018413,4.6558643,15.22,261.9,32.87,19,3,-1.530,0.147,9.810,1.714,-3.929,5.179,-8.87,-0.86,5.18,152.2,-0.156,-0.015,0.157,1,54.8,0.1023
1617530427355,50.3018451,4.6558682,15.09,261.9,32.81,19,3,-1.373,0.608,10.261,-1.857,-3.714,5.071,-7.61,-3.39,5.07,149.9,-0.140,-0.062,0.153,1,54.3,0.1029
1617530427387,50.3018489,4.6558720,14.97,262.0,32.75,19,3,-1.226,0.304,10.114,0.464,-3.571,5.214,-6.91,-1.72,5.21,147.6,-0.125,-0.031,0.129,1,53.9,0.1034
1617530427419,50.3018526,4.6558757,14.89,262.0,32.72,19,3,-1.530,0.451,9.957,4.500,-3.679,5.786,-8.73,-2.59,5.79,147.0,-0.156,-0.046,0.163,1,53.6,0.1038
1617530427451,50.3018563,4.6558794,14.81,262.0,32.69,19,3,-1.834,0.608,9.810,3.429,-2.714,5.357,-10.57,-3.55,5.36,146.3,-0.187,-0.062,0.197,1,53.3,0.1043
1617530427483,50.3018600,4.6558830,14.73,262.0,32.66,19,3,-0.765,0.608,10.575,-0.250,-1.286,4.893,-4.13,-3.29,4.89,145.7,-0.078,-0.062,0.100,1,53.0,0.1048
1617530427516,50.3018636,4.6558867,14.66,262.0,32.63,19,3,-1.530,0.608,10.575,-0.357,-0.643,5.286,-8.22,-3.29,5.29,145.0,-0.156,-0.062,0.168,1,52.8,0.1053
1617530427548,50.3018673,4.6558904,14.58,262.1,32.60,19,3,-2.139,0.451,9.957,3.607,-0.429,6.107,-12.11,-2.59,6.11,144.4,-0.218,-0.046,0.223,1,52.5,0.1058
1617530427580,50.3018710,4.6558941,14.50,262.1,32.57,19,3,-2.139,1.226,9.496,5.214,-0.429,5.964,-12.59,-7.36,5.96,143.7,-0.218,-0.125,0.251,1,52.2,0.1063
1617530427612,50.3018746,4.6558976,14.41,262.1,32.45,19,3,-2.296,0.608,9.957,2.179,-0.107,-2.500,-12.96,-3.50,-2.50,142.7,-0.234,-0.062,0.242,1,51.9,0.1067
1617530427644,50.3018781,4.6559011,14.32,262.1,32.32,19,3,-1.678,0.304,9.810,-2.071,-0.679,-2.143,-9.70,-1.78,-2.14,141.7,-0.171,-0.031,0.174,1,51.6,0.1072
1617530427676,50.3018817,4.6559046,14.23,262.1,32.20,19,3,-1.834,0.608,9.653,1.286,-1.500,-1.464,-10.74,-3.61,-1.46,140.7,-0.187,-0.062,0.197,1,51.2,0.1077
1617530427708,50.3018853,4.6559080,14.14,262.2,32.08,19,3,-2.600,1.069,10.114,4.286,-1.393,-1.714,-14.34,-6.04,-1.71,139.8,-0.265,-0.109,0.287,1,50.9,0.1081
1617530427740,50.3018888,4.6559115,14.05,262.2,31.96,19,3,-2.296,1.069,9.810,2.321,-0.214,-1.000,-13.10,-6.22,-1.00,138.8,-0.234,-0.109,0.258,1,50.6,0.1086
1617530427772,50.3018924,4.6559150,13.96,262.2,31.83,19,3,-1.678,1.226,10.114,0.286,-0.143,-1.036,-9.35,-6.91,-1.04,137.8,-0.171,-0.125,0.212,1,50.3,0.1091
1617530427804,50.3018959,4.6559183,13.86,262.2,31.72,19,3,-2.139,0.608,9.810,-0.143,0.214,-0.536,-12.28,-3.55,-0.54,137.1,-0.218,-0.062,0.227,1,49.9,0.1095
1617530427836,50.3018993,4.6559216,13.76,262.3,31.62,19,3,-2.296,1.069,10.114,2.500,0.143,-0.036,-12.72,-6.04,-0.04,136.5,-0.234,-0.109,0.258,1,49.5,0.1100
1617530427868,50.3019028,4.6559248,13.66,262.3,31.51,19,3,-3.365,1.678,9.653,4.750,-0.429,0.036,-18.95,-9.86,0.04,135.8,-0.343,-0.171,0.383,1,49.2,0.1104
1617530427900,50.3019063,4.6559281,13.57,262.3,31.40,19,3,-1.991,0.765,10.114,3.393,-0.893,0.464,-11.11,-4.33,0.46,135.2,-0.203,-0.078,0.217,1,48.8,0.1109
1617530427932,50.3019097,4.6559314,13.47,262.3,31.29,19,3,-2.139,1.373,9.957,0.500,-1.429,0.464,-12.01,-7.85,0.46,134.5,-0.218,-0.140,0.259,1,48.5,0.1113
1617530427964,50.3019132,4.6559347,13.37,262.3,31.18,19,3,-1.678,1.373,9.810,2.393,-1.536,1.571,-9.61,-7.97,1.57,133.9,-0.171,-0.140,0.221,1,48.1,0.1118
1617530427996,50.3019165,4.6559378,13.26,262.4,31.03,19,3,-2.600,0.912,9.349,3.321,-2.000,11.214,-15.47,-5.57,11.21,132.9,-0.265,-0.093,0.281,1,47.7,0.1122
1617530428028,50.3019198,4.6559408,13.15,262.4,30.88,19,3,-2.600,1.373,9.957,1.679,-0.714,11.821,-14.50,-7.85,11.82,131.9,-0.265,-0.140,0.300,1,47.3,0.1126
1617530428060,50.3019232,4.6559438,13.04,262.4,30.72,19,3,-2.600,0.608,9.810,1.143,0.321,13.071,-14.82,-3.55,13.07,130.9,-0.265,-0.062,0.272,1,46.9,0.1131
1617530428092,50.3019265,4.6559469,12.92,262.4,30.57,19,3,-2.453,1.373,9.653,1.821,-0.036,13.357,-14.12,-8.10,13.36,129.9,-0.250,-0.140,0.287,1,46.5,0.1135
1617530428124,50.3019298,4.6559500,12.81,262.4,30.42,19,3,-2.600,1.373,9.957,3.714,-0.607,13.964,-14.50,-7.85,13.96,128.9,-0.265,-0.140,0.300,1,46.1,0.1139
1617530428156,50.3019331,4.6559530,12.70,262.4,30.26,19,3,-2.904,1.678,9.496,5.036,-1.000,14.321,-16.76,-10.02,14.32,128.0,-0.296,-0.171,0.342,1,45.7,0.1143
1617530428188,50.3019363,4.6559558,12.59,262.5,30.00,19,3,-2.904,1.678,9.349,4.286,-1.071,15.036,-17.00,-10.17,15.04,127.0,-0.296,-0.171,0.342,1,45.3,0.1148
1617530428220,50.3019395,4.6559585,12.48,262.5,29.74,19,3,-2.139,1.373,9.957,-0.357,-0.821,15.714,-12.01,-7.85,15.71,126.0,-0.218,-0.140,0.259,1,44.9,0.1152
1617530428252,50.3019427,4.6559613,12.36,262.5,29.48,19,3,-2.296,1.373,9.349,-0.536,-1.464,-2.071,-13.65,-8.36,-2.07,125.0,-0.234,-0.140,0.273,1,44.5,0.1156
1617530428284,50.3019458,4.6559641,12.25,262.5,29.22,19,3,-2.296,1.678,9.496,2.000,-1.929,-1.393,-13.39,-10.02,-1.39,124.0,-0.234,-0.171,0.290,1,44.1,0.1160
1617530428316,50.3019490,4.6559668,12.14,262.5,28.96,19,3,-1.834,1.991,9.496,3.929,-1.821,-0.821,-10.71,-11.84,-0.82,123.0,-0.187,-0.203,0.276,1,43.7,0.1164
1617530428348,50.3019522,4.6559696,12.03,262.5,28.70,19,3,-1.834,2.139,9.496,5.179,-1.464,-0.714,-10.67,-12.69,-0.71,122.0,-0.187,-0.218,0.287,1,43.3,0.1168
1617530428380,50.3019553,4.6559721,11.94,262.6,28.42,19,3,-0.912,1.991,9.810,2.929,-0.536,0.679,-5.21,-11.48,0.68,120.1,-0.093,-0.203,0.223,1,43.0,0.1172
1617530428412,50.3019584,4.6559746,11.85,262.6,28.14,19,3,-0.912,2.139,9.496,0.500,-0.357,1.357,-5.35,-12.69,1.36,118.1,-0.093,-0.218,0.237,1,42.6,0.1175
1617530428444,50.3019615,4.6559771,11.75,262.6,27.86,19,3,-0.912,1.678,10.114,-0.321,-1.071,20.929,-5.09,-9.42,20.93,116.1,-0.093,-0.171,0.195,1,42.3,0.1179
1617530428476,50.3019645,4.6559796,11.66,262.6,27.58,19,3,-0.765,2.139,9.810,3.321,-1.250,21.929,-4.36,-12.30,21.93,114.2,-0.078,-0.218,0.232,1,42.0,0.1183
1617530428508,50.3019676,4.6559821,11.57,262.6,27.30,19,3,-0.451,2.139,9.810,4.071,-1.393,21.929,-2.57,-12.30,21.93,112.2,-0.046,-0.218,0.223,0,41.7,0.1187
1617530428540,50.3019707,4.6559846,11.48,262.6,27.02,19,3,-0.451,2.296,9.653,2.679,-1.357,22.964,-2.60,-13.38,22.96,110.2,-0.046,-0.234,0.238,0,41.3,0.1191
1617530428572,50.3019738,4.6559869,11.44,262.6,26.63,19,3,-0.147,2.453,9.810,2.286,-1.821,23.893,-0.83,-14.04,23.89,108.9,-0.015,-0.250,0.250,0,41.2,0.1195
1617530428604,50.3019768,4.6559891,11.40,262.7,26.23,19,3,-0.304,2.296,9.810,1.857,-2.071,24.714,-1.73,-13.17,24.71,107.6,-0.031,-0.234,0.236,0,41.0,0.1198
1617530428637,50.3019799,4.6559914,11.36,262.7,25.84,19,3,-0.147,2.453,9.035,1.179,-1.643,-2.179,-0.90,-15.19,-2.18,106.3,-0.015,-0.250,0.250,0,40.9,0.1202
1617530428669,50.3019830,4.6559937,11.31,262.7,25.44,19,3,-0.608,2.757,9.349,1.643,-1.214,-0.929,-3.57,-16.43,-0.93,105.0,-0.062,-0.281,0.288,1,40.7,0.1206
1617530428701,50.3019860,4.6559959,11.27,262.7,25.05,19,3,-0.147,2.453,9.957,3.643,-0.679,-0.321,-0.82,-13.84,-0.32,103.7,-0.015,-0.250,0.250,0,40.6,0.1210
1617530428733,50.3019891,4.6559982,11.23,262.7,24.66,19,3,-0.304,2.453,9.496,3.071,0.107,0.643,-1.78,-14.48,0.64,102.4,-0.031,-0.250,0.252,0,40.4,0.1214
1617530428765,50.3019922,4.6560002,11.20,262.7,24.18,19,3,-0.147,2.757,10.114,1.143,0.964,29.571,-0.80,-15.25,29.57,100.4,-0.015,-0.281,0.281,0,40.3,0.1217
1617530428797,50.3019952,4.6560022,11.16,262.7,23.70,19,3,-0.304,2.453,10.261,1.750,-0.036,30.500,-1.65,-13.44,30.50,98.4,-0.031,-0.250,0.252,0,40.2,0.1221
1617530428829,50.3019982,4.6560041,11.12,262.8,23.22,19,3,-0.765,3.365,9.957,5.250,-1.250,32.429,-4.16,-18.67,32.43,96.5,-0.078,-0.343,0.352,1,40.1,0.1225
1617530428861,50.3020013,4.6560061,11.09,262.8,22.74,19,3,-1.226,3.061,9.653,5.464,-0.464,33.643,-6.90,-17.59,33.64,94.5,-0.125,-0.312,0.336,1,39.9,0.1228
1617530428893,50.3020044,4.6560081,11.05,262.8,22.26,19,3,-1.373,3.365,9.349,2.500,0.750,-2.000,-7.87,-19.79,-2.00,92.5,-0.140,-0.343,0.370,1,39.8,0.1232
1617530428925,50.3020074,4.6560101,11.02,262.8,21.78,19,3,-1.373,3.365,10.114,1.393,0.357,-0.679,-7.34,-18.40,-0.68,90.6,-0.140,-0.343,0.370,1,39.7,0.1236
1617530428957,50.3020104,4.6560118,10.96,262.8,21.21,19,3,-1.678,3.218,10.261,0.893,-0.286,0.607,-8.87,-17.41,0.61,89.2,-0.171,-0.328,0.370,1,39.5,0.1239
1617530428989,50.3020135,4.6560134,10.91,262.8,20.64,19,3,-1.373,3.679,9.810,2.607,-1.536,38.679,-7.47,-20.56,38.68,87.9,-0.140,-0.375,0.400,1,39.3,0.1243
1617530429021,50.3020165,4.6560151,10.85,262.8,20.07,19,3,-1.226,3.679,9.957,4.821,-2.429,39.429,-6.59,-20.28,39.43,86.6,-0.125,-0.375,0.395,1,39.1,0.1246
1617530429053,50.3020195,4.6560168,10.79,262.8,19.51,19,3,-1.678,3.365,9.349,3.571,-1.107,39.571,-9.58,-19.79,39.57,85.3,-0.171,-0.343,0.383,1,38.9,0.1250
1617530429085,50.3020226,4.6560184,10.74,262.8,18.94,19,3,-1.373,3.826,9.349,1.571,-0.036,40.643,-7.74,-22.26,40.64,84.0,-0.140,-0.390,0.414,1,38.7,0.1253
1617530429117,50.3020256,4.6560201,10.68,262.9,18.37,19,3,-1.373,3.826,9.496,1.286,0.429,42.357,-7.64,-21.94,42.36,82.7,-0.140,-0.390,0.414,1,38.4,0.1257
1617530429149,50.3020286,4.6560213,10.61,262.9,17.61,19,3,-1.678,3.826,10.261,-0.500,0.500,-2.500,-8.71,-20.45,-2.50,82.3,-0.171,-0.390,0.426,1,38.2,0.1260
1617530429181,50.3020316,4.6560226,10.55,262.9,16.86,19,3,-1.373,4.130,10.261,2.393,-1.071,-1.429,-7.08,-21.92,-1.43,82.0,-0.140,-0.421,0.444,1,38.0,0.1264
1617530429213,50.3020346,4.6560239,10.48,262.9,16.10,19,3,-1.069,3.826,10.261,3.679,-1.750,0.000,-5.58,-20.45,0.00,81.7,-0.109,-0.390,0.405,1,37.7,0.1267
1617530429245,50.3020376,4.6560251,10.41,262.9,15.34,19,3,-1.069,3.983,10.114,2.857,-0.429,0.071,-5.62,-21.49,0.07,81.4,-0.109,-0.406,0.420,1,37.5,0.1271
1617530429277,50.3020406,4.6560263,10.35,262.9,14.59,19,3,-1.678,3.826,9.653,0.143,1.071,0.286,-9.18,-21.62,0.29,81.0,-0.171,-0.390,0.426,1,37.2,0.1274
1617530429309,50.3020436,4.6560276,10.28,262.9,13.83,19,3,-1.069,3.983,9.349,-1.464,0.179,0.500,-6.01,-23.08,0.50,80.7,-0.109,-0.406,0.420,1,37.0,0.1278
1617530429341,50.3020465,4.6560284,10.21,262.9,13.05,19,3,-2.296,4.130,9.192,-1.357,-1.500,1.143,-12.83,-24.19,1.14,80.1,-0.234,-0.421,0.482,1,36.7,0.1281
1617530429373,50.3020494,4.6560293,10.13,263.0,12.28,19,3,-1.373,3.826,9.349,0.857,-2.964,1.607,-7.74,-22.26,1.61,79.4,-0.140,-0.390,0.414,1,36.5,0.1284
1617530429405,50.3020523,4.6560301,10.06,263.0,11.50,19,3,-0.304,4.444,10.261,1.679,-2.964,1.286,-1.56,-23.42,1.29,78.7,-0.031,-0.453,0.454,0,36.2,0.1288
1617530429437,50.3020553,4.6560309,9.99,263.0,10.73,19,3,-0.765,3.983,9.957,3.321,-1.893,0.821,-4.08,-21.80,0.82,78.1,-0.078,-0.406,0.413,1,36.0,0.1291
1617530429469,50.3020582,4.6560318,9.91,263.0,9.95,19,3,-0.765,3.679,10.261,2.357,-0.179,0.964,-4.02,-19.72,0.96,77.4,-0.078,-0.375,0.383,1,35.7,0.1294
1617530429501,50.3020611,4.6560326,9.84,263.0,9.18,19,3,-0.147,3.983,10.114,1.250,1.536,2.000,-0.78,-21.49,2.00,76.8,-0.015,-0.406,0.406,0,35.4,0.1298
1617530429533,50.3020640,4.6560330,9.79,263.0,8.33,19,3,-1.069,3.826,9.653,-0.143,1.714,48.607,-5.88,-21.62,48.61,74.8,-0.109,-0.390,0.405,1,35.3,0.1301
1617530429565,50.3020668,4.6560335,9.75,263.0,7.48,19,3,-0.912,3.826,10.114,-0.429,1.750,49.000,-4.82,-20.72,49.00,72.8,-0.093,-0.390,0.401,1,35.1,0.1304
1617530429597,50.3020697,4.6560339,9.70,263.0,6.64,19,3,-0.608,3.679,9.653,0.643,0.393,49.214,-3.37,-20.86,49.21,70.9,-0.062,-0.375,0.380,1,34.9,0.1307
1617530429629,50.3020726,4.6560343,9.65,263.0,5.79,19,3,-0.608,4.130,9.653,0.750,-0.607,49.929,-3.32,-23.16,49.93,68.9,-0.062,-0.421,0.426,1,34.8,0.1310
1617530429661,50.3020754,4.6560348,9.61,263.0,4.94,19,3,-0.451,4.130,9.957,2.000,-0.464,50.357,-2.40,-22.53,50.36,66.9,-0.046,-0.421,0.424,0,34.6,0.1314
1617530429693,50.3020783,4.6560352,9.56,263.0,4.10,19,3,-0.304,3.522,9.349,0.929,0.750,50.643,-1.74,-20.64,50.64,65.0,-0.031,-0.359,0.360,0,34.4,0.1317
1617530429725,50.3020811,4.6560352,9.52,263.0,3.28,19,3,-1.069,3.679,9.653,-0.929,1.714,51.250,-5.91,-20.86,51.25,63.6,-0.109,-0.375,0.391,1,34.3,0.1320
1617530429758,50.3020839,4.6560353,9.47,263.0,2.47,19,3,-0.912,3.522,9.496,0.607,1.321,51.750,-5.15,-20.35,51.75,62.3,-0.093,-0.359,0.371,1,34.1,0.1323
1617530429790,50.3020866,4.6560353,9.43,263.1,1.65,19,3,-0.765,3.983,10.114,3.250,-0.143,52.214,-4.03,-21.49,52.21,61.0,-0.078,-0.406,0.413,1,33.9,0.1326
1617530429822,50.3020894,4.6560353,9.38,263.1,0.84,19,3,-0.608,4.130,10.418,5.036,-0.857,-2.036,-3.11,-21.62,-2.04,59.7,-0.062,-0.421,0.426,1,33.8,0.1329
1617530429854,50.3020922,4.6560354,9.33,263.1,0.03,19,3,-0.765,4.130,9.810,5.036,-0.714,-1.643,-4.11,-22.83,-1.64,58.4,-0.078,-0.421,0.428,1,33.6,0.1332
1617530429886,50.3020950,4.6560354,9.29,263.1,359.21,19,3,0.147,3.983,10.418,3.179,-0.500,-1.536,0.76,-20.92,-1.54,57.1,0.015,-0.406,0.406,0,33.4,0.1335
1617530429918,50.3020977,4.6560350,9.24,263.1,358.27,19,3,-0.147,4.444,8.731,1.036,-0.357,-0.964,-0.86,-26.98,-0.96,56.1,-0.015,-0.453,0.453,0,33.3,0.1338
1617530429950,50.3021004,4.6560346,9.19,263.1,357.33,19,3,-0.451,3.826,8.427,1.286,-2.036,-0.321,-2.79,-24.42,-0.32,55.1,-0.046,-0.390,0.393,0,33.1,0.1341
1617530429982,50.3021031,4.6560343,9.14,263.1,356.38,19,3,0.147,3.826,8.888,2.036,-3.821,0.786,0.87,-23.29,0.79,54.1,0.015,-0.390,0.390,0,32.9,0.1344
1617530430014,50.3021058,4.6560339,9.09,263.1,355.44,19,3,-0.451,4.130,9.496,-1.679,-3.179,1.071,-2.50,-23.51,1.07,53.1,-0.046,-0.421,0.424,0,32.7,0.1347
1617530430046,50.3021085,4.6560335,9.04,263.1,354.49,19,3,0.451,3.983,9.653,-1.607,-2.000,1.071,2.47,-22.42,1.07,52.2,0.046,-0.406,0.409,0,32.5,0.1350
1617530430078,50.3021112,4.6560331,8.99,263.1,353.55,19,3,0.147,3.826,10.261,3.071,-1.679,0.464,0.77,-20.45,0.46,51.2,0.015,-0.390,0.390,0,32.4,0.1353
1617530430110,50.3021138,4.6560324,8.97,263.1,352.74,19,3,-0.765,4.130,10.261,5.643,-1.429,0.464,-3.96,-21.92,0.46,49.9,-0.078,-0.421,0.428,1,32.3,0.1356
1617530430142,50.3021164,4.6560316,8.96,263.1,351.92,19,3,-0.451,3.983,10.114,4.750,-1.036,0.536,-2.38,-21.49,0.54,48.6,-0.046,-0.406,0.409,0,32.3,0.1359
1617530430174,50.3021191,4.6560309,8.95,263.1,351.10,19,3,-0.304,3.983,9.810,2.750,-0.571,0.000,-1.65,-22.10,0.00,47.2,-0.031,-0.406,0.407,0,32.2,0.1362
1617530430206,50.3021217,4.6560302,8.93,263.1,350.29,19,3,0.000,3.826,9.496,0.429,-0.714,-0.107,0.00,-21.94,-0.11,45.9,0.000,-0.390,0.390,0,32.1,0.1365
1617530430238,50.3021243,4.6560294,8.92,263.1,349.47,19,3,0.147,3.522,9.653,1.643,-0.250,0.214,0.82,-20.04,0.21,44.6,0.015,-0.359,0.359,0,32.1,0.1368
1617530430270,50.3021269,4.6560287,8.90,263.1,348.66,19,3,-0.147,3.826,9.349,5.179,-0.357,-0.143,-0.83,-22.26,-0.14,43.3,-0.015,-0.390,0.390,0,32.0,0.1371
1617530430302,50.3021294,4.6560276,8.88,263.1,347.67,19,3,0.147,3.983,9.810,2.214,-0.536,-0.357,0.80,-22.10,-0.36,43.0,0.015,-0.406,0.406,0,32.0,0.1374
1617530430334,50.3021320,4.6560265,8.86,263.1,346.68,19,3,-0.147,3.983,10.418,-0.321,-1.500,0.071,-0.76,-20.92,0.07,42.7,-0.015,-0.406,0.406,0,31.9,0.1377
1617530430366,50.3021345,4.6560254,8.84,263.2,345.69,19,3,-0.304,4.130,9.653,-0.286,-2.250,0.750,-1.66,-23.16,0.75,42.3,-0.031,-0.421,0.422,0,31.8,0.1380
1617530430398,50.3021370,4.6560242,8.82,263.2,344.71,19,3,0.000,3.826,10.418,2.679,-3.964,0.821,0.00,-20.16,0.82,42.0,0.000,-0.390,0.390,0,31.8,0.1383
1617530430430,50.3021396,4.6560231,8.80,263.2,343.72,19,3,0.000,4.130,9.653,2.250,-2.893,0.643,0.00,-23.16,0.64,41.7,0.000,-0.421,0.421,0,31.7,0.1386
1617530430462,50.3021421,4.6560220,8.78,263.2,342.73,19,3,0.147,3.522,9.957,0.893,-0.786,-0.071,0.80,-19.48,-0.07,41.3,0.015,-0.359,0.359,0,31.6,0.1389
1617530430494,50.3021445,4.6560205,8.76,263.2,341.84,19,3,0.147,3.983,9.349,2.036,-0.036,0.357,0.83,-23.08,0.36,39.0,0.015,-0.406,0.406,0,31.6,0.1392
1617530430526,50.3021469,4.6560190,8.75,263.2,340.95,19,3,-0.147,3.218,9.957,2.929,-0.143,0.786,-0.81,-17.91,0.79,36.7,-0.015,-0.328,0.328,0,31.5,0.1394
1617530430558,50.3021494,4.6560175,8.73,263.2,340.06,19,3,-0.304,4.130,10.722,3.000,-0.143,1.286,-1.52,-21.07,1.29,34.4,-0.031,-0.421,0.422,0,31.4,0.1397
1617530430590,50.3021518,4.6560161,8.72,263.2,339.17,19,3,-0.147,4.591,10.261,4.571,-0.964,1.607,-0.75,-24.10,1.61,32.2,-0.015,-0.468,0.468,0,31.4,0.1400
1617530430622,50.3021542,4.6560146,8.71,263.2,338.28,19,3,-0.608,3.826,10.575,4.786,-1.929,2.000,-3.10,-19.89,2.00,29.9,-0.062,-0.390,0.395,1,31.3,0.1403
1617530430654,50.3021566,4.6560131,8.69,263.2,337.38,19,3,0.000,3.826,10.418,1.179,-1.857,56.893,0.00,-20.16,56.89,27.6,0.000,-0.390,0.390,0,31.3,0.1406
1617530430686,50.3021589,4.6560113,8.65,263.2,336.43,19,3,-0.147,3.826,9.496,0.357,-2.107,1.643,-0.82,-21.94,1.64,28.9,-0.015,-0.390,0.390,0,31.1,0.1409
1617530430718,50.3021611,4.6560095,8.61,263.2,335.47,19,3,-0.147,4.287,9.496,1.500,-2.929,1.821,-0.81,-24.30,1.82,30.2,-0.015,-0.437,0.437,0,31.0,0.1412
1617530430750,50.3021634,4.6560077,8.57,263.2,334.52,19,3,0.451,3.365,9.349,-0.286,-3.821,1.821,2.60,-19.79,1.82,31.5,0.046,-0.343,0.346,0,30.9,0.1414
1617530430782,50.3021656,4.6560059,8.53,263.2,333.56,19,3,1.069,3.522,9.349,-1.321,-4.429,57.357,6.11,-20.64,57.36,32.8,0.109,-0.359,0.375,0,30.7,0.1417
1617530430814,50.3021678,4.6560041,8.49,263.2,332.61,19,3,0.451,3.522,9.810,2.464,-4.036,57.250,2.48,-19.75,57.25,34.1,0.046,-0.359,0.362,0,30.6,0.1420
1617530430846,50.3021701,4.6560023,8.45,263.2,331.65,19,3,0.147,3.826,10.114,4.571,-4.607,57.036,0.78,-20.72,57.04,35.4,0.015,-0.390,0.390,0,30.4,0.1423
1617530430879,50.3021722,4.6560002,8.46,263.2,330.74,19,3,0.000,4.444,10.114,4.536,-3.464,1.679,0.00,-23.72,1.68,34.4,0.000,-0.453,0.453,0,30.5,0.1426
1617530430911,50.3021744,4.6559980,8.47,263.2,329.84,19,3,0.451,3.983,10.261,3.143,-1.643,1.071,2.35,-21.21,1.07,33.5,0.046,-0.406,0.409,0,30.5,0.1429
1617530430943,50.3021765,4.6559959,8.48,263.2,328.93,19,3,0.304,3.679,10.114,0.857,-0.714,1.000,1.62,-19.99,1.00,32.5,0.031,-0.375,0.376,0,30.5,0.1431
1617530430975,50.3021787,4.6559938,8.50,263.2,328.03,19,3,0.451,3.983,9.957,-1.214,-0.679,1.214,2.41,-21.80,1.21,31.5,0.046,-0.406,0.409,0,30.6,0.1434
1617530431007,50.3021808,4.6559916,8.51,263.2,327.12,19,3,0.912,3.826,9.810,-0.500,-1.107,1.143,4.95,-21.31,1.14,30.5,0.093,-0.390,0.401,0,30.6,0.1437
1617530431039,50.3021830,4.6559895,8.52,263.2,326.21,19,3,0.608,3.522,9.496,0.643,-1.000,1.393,3.44,-20.35,1.39,29.5,0.062,-0.359,0.364,0,30.7,0.1440
1617530431071,50.3021850,4.6559870,8.52,263.2,325.33,19,3,0.608,3.365,9.349,-0.536,-0.321,1.214,3.50,-19.79,1.21,28.2,0.062,-0.343,0.349,0,30.7,0.1443
1617530431103,50.3021870,4.6559846,8.51,263.2,324.45,19,3,0.304,3.522,9.192,3.071,-0.643,0.571,1.77,-20.96,0.57,26.9,0.031,-0.359,0.360,0,30.6,0.1445
1617530431135,50.3021890,4.6559821,8.51,263.2,323.57,19,3,0.765,3.679,9.810,-1.571,-1.357,1.250,4.18,-20.56,1.25,25.6,0.078,-0.375,0.383,0,30.6,0.1448
1617530431167,50.3021910,4.6559797,8.51,263.2,322.70,19,3,1.226,3.983,9.810,6.679,-1.929,1.821,6.61,-22.10,1.82,24.3,0.125,-0.406,0.425,0,30.6,0.1451
1617530431199,50.3021930,4.6559773,8.50,263.2,321.82,19,3,1.226,4.287,9.810,2.286,-2.107,1.964,6.53,-23.61,1.96,23.0,0.125,-0.437,0.455,0,30.6,0.1454
1617530431231,50.3021950,4.6559748,8.50,263.2,320.94,19,3,1.530,4.130,9.496,0.393,-2.000,1.893,8.41,-23.51,1.89,21.7,0.156,-0.421,0.449,0,30.6,0.1457
1617530431263,50.3021968,4.6559720,8.52,263.2,319.89,19,3,1.069,3.826,9.957,-1.750,-1.500,1.536,5.72,-21.02,1.54,21.3,0.109,-0.390,0.405,0,30.7,0.1460
1617530431295,50.3021987,4.6559692,8.54,263.2,318.85,19,3,1.226,3.679,9.653,-0.393,-1.571,1.607,6.77,-20.86,1.61,21.0,0.125,-0.375,0.395,0,30.7,0.1462
1617530431327,50.3022005,4.6559665,8.55,263.2,317.81,19,3,1.373,3.061,9.496,2.393,-2.036,1.214,7.84,-17.86,1.21,20.7,0.140,-0.312,0.342,0,30.8,0.1465
1617530431359,50.3022023,4.6559637,8.57,263.2,316.76,19,3,1.678,3.218,9.349,4.143,-2.107,1.214,9.63,-18.99,1.21,20.3,0.171,-0.328,0.370,0,30.9,0.1468
1617530431391,50.3022042,4.6559609,8.59,263.2,315.72,19,3,1.678,3.679,9.349,4.143,-2.250,1.500,9.48,-21.48,1.50,20.0,0.171,-0.375,0.412,0,30.9,0.1471
1617530431423,50.3022060,4.6559581,8.61,263.2,314.68,19,3,1.530,3.826,9.035,6.321,-2.571,57.179,8.87,-22.95,57.18,19.7,0.156,-0.390,0.420,0,31.0,0.1474
1617530431455,50.3022077,4.6559550,8.65,263.2,313.81,19,3,1.226,3.826,9.349,5.964,-2.143,57.643,6.92,-22.26,57.64,19.0,0.125,-0.390,0.410,0,31.1,0.1477
1617530431487,50.3022094,4.6559519,8.69,263.2,312.95,19,3,1.834,3.826,9.349,2.000,-1.250,57.036,10.29,-22.26,57.04,18.4,0.187,-0.390,0.433,0,31.3,0.1480
1617530431519,50.3022111,4.6559488,8.72,263.2,312.09,19,3,1.373,3.679,9.810,1.179,-0.393,57.000,7.47,-20.56,57.00,17.7,0.140,-0.375,0.400,0,31.4,0.1483
1617530431551,50.3022128,4.6559456,8.76,263.2,311.23,19,3,1.373,3.983,9.192,2.107,0.107,57.107,7.81,-23.43,57.11,17.1,0.140,-0.406,0.429,0,31.5,0.1485
1617530431583,50.3022145,4.6559425,8.80,263.3,310.37,19,3,1.530,4.130,9.957,4.214,0.464,56.964,8.08,-22.53,56.96,16.4,0.156,-0.421,0.449,0,31.7,0.1488
1617530431615,50.3022162,4.6559394,8.84,263.3,309.51,19,3,1.373,4.591,9.957,3.500,0.929,57.464,7.14,-24.75,57.46,15.7,0.140,-0.468,0.488,0,31.8,0.1491
1617530431647,50.3022178,4.6559360,8.85,263.2,308.63,19,3,1.069,3.983,9.957,1.500,0.464,57.929,5.69,-21.80,57.93,11.8,0.109,-0.406,0.420,0,31.9,0.1494
1617530431679,50.3022193,4.6559327,8.87,263.2,307.75,19,3,1.373,4.444,9.810,-0.750,-0.107,58.071,7.27,-24.37,58.07,7.9,0.140,-0.453,0.474,0,31.9,0.1497
1617530431711,50.3022209,4.6559293,8.88,263.2,306.87,19,3,1.678,4.287,9.653,0.750,-0.786,58.250,9.02,-23.95,58.25,3.9,0.171,-0.437,0.469,0,32.0,0.1500
1617530431743,50.3022224,4.6559258,8.92,263.2,305.92,19,3,2.139,3.061,10.879,1.429,-0.821,57.893,10.72,-15.71,57.89,4.6,0.218,-0.312,0.381,0,32.1,0.1503
1617530431775,50.3022239,4.6559223,8.97,263.2,304.97,19,3,2.296,3.218,9.810,1.929,-0.929,57.464,12.54,-18.16,57.46,5.2,0.234,-0.328,0.403,0,32.3,0.1506
1617530431807,50.3022254,4.6559188,9.01,263.2,304.02,19,3,2.453,3.679,9.957,5.000,-1.321,57.857,13.01,-20.28,57.86,5.9,0.250,-0.375,0.451,0,32.4,0.1509
1617530431839,50.3022268,4.6559151,9.06,263.2,303.14,19,3,1.678,3.826,9.653,-2.286,-1.036,58.000,9.18,-21.62,58.00,3.9,0.171,-0.390,0.426,0,32.6,0.1512
1617530431871,50.3022281,4.6559113,9.10,263.2,302.26,19,3,1.834,4.591,9.957,6.071,-1.464,58.107,9.50,-24.75,58.11,2.0,0.187,-0.468,0.504,0,32.8,0.1515
1617530431903,50.3022295,4.6559076,9.15,263.2,301.38,19,3,1.373,4.287,9.957,4.143,-1.964,57.893,7.22,-23.29,57.89,0.0,0.140,-0.437,0.459,0,32.9,0.1518
1617530431935,50.3022309,4.6559039,9.20,263.2,300.50,19,3,1.226,4.130,9.496,-0.821,-2.000,58.250,6.75,-23.51,58.25,-2.0,0.125,-0.421,0.439,0,33.1,0.1521
1617530431967,50.3022322,4.6559001,9.24,263.2,299.62,19,3,1.834,4.130,9.957,-1.393,-3.250,58.107,9.66,-22.53,58.11,-3.9,0.187,-0.421,0.461,0,33.3,0.1524
1617530432000,50.3022336,4.6558964,9.29,263.2,298.74,19,3,1.834,4.287,9.957,3.000,-3.250,57.679,9.60,-23.29,57.68,-5.9,0.187,-0.437,0.475,0,33.4,0.1527
